<?xml version="1.0" encoding="UTF-8"?>
<project-private xmlns="http://www.netbeans.org/ns/project-private/1">
    <editor-bookmarks xmlns="http://www.netbeans.org/ns/editor-bookmarks/1"/>
    <editor-bookmarks xmlns="http://www.netbeans.org/ns/editor-bookmarks/2" lastBookmarkId="0"/>
    <open-files xmlns="http://www.netbeans.org/ns/projectui-open-files/2">
        <group>
            <file>file:/C:/Users/gianf/OneDrive/Documentos/DAM_2/Interfaces/T1/E1/Alvarez_Valencia_Gianfranco_D101_Tarea/Programa/rockola/src/NuevaReserva.java</file>
            <file>file:/C:/Users/gianf/OneDrive/Documentos/DAM_2/Interfaces/T1/E1/Alvarez_Valencia_Gianfranco_D101_Tarea/Programa/rockola/src/PantallaPrincipal.java</file>
        </group>
    </open-files>
</project-private>
