<?xml version="1.0" encoding="UTF-8"?>
<project-private xmlns="http://www.netbeans.org/ns/project-private/1">
    <editor-bookmarks xmlns="http://www.netbeans.org/ns/editor-bookmarks/2" lastBookmarkId="0"/>
    <open-files xmlns="http://www.netbeans.org/ns/projectui-open-files/2">
        <group>
            <file>file:/C:/Users/gianf/OneDrive/Documentos/DAM_2/Interfaces/T2/E2/rockolafx/src/controlador/VisNuevaReservafxController.java</file>
            <file>file:/C:/Users/gianf/OneDrive/Documentos/DAM_2/Interfaces/T2/E2/rockolafx/src/controlador/VisPantallaPrincipalController.java</file>
            <file>file:/C:/Users/gianf/OneDrive/Documentos/DAM_2/Interfaces/T2/E2/rockolafx/src/vista/visNuevaReservafx.fxml</file>
            <file>file:/C:/Users/gianf/OneDrive/Documentos/DAM_2/Interfaces/T2/E2/rockolafx/src/vista/visPantallaPrincipal.fxml</file>
        </group>
    </open-files>
</project-private>
