<?xml version="1.0" encoding="UTF-8"?>
<project-private xmlns="http://www.netbeans.org/ns/project-private/1">
    <editor-bookmarks xmlns="http://www.netbeans.org/ns/editor-bookmarks/2" lastBookmarkId="0"/>
    <open-files xmlns="http://www.netbeans.org/ns/projectui-open-files/2">
        <group>
            <file>file:/C:/Users/gianf/OneDrive/Documentos/DAM_2/Interfaces/pruebaRecu_Gianfranco_Álvarez/src/controlador/VistaLoginRegistroController.java</file>
            <file>file:/C:/Users/gianf/OneDrive/Documentos/DAM_2/Interfaces/pruebaRecu_Gianfranco_Álvarez/src/controlador/VistaPantallaPrincipalController.java</file>
            <file>file:/C:/Users/gianf/OneDrive/Documentos/DAM_2/Interfaces/pruebaRecu_Gianfranco_Álvarez/src/modelo/Salas.java</file>
            <file>file:/C:/Users/gianf/OneDrive/Documentos/DAM_2/Interfaces/pruebaRecu_Gianfranco_Álvarez/src/modelo/Miembros.java</file>
            <file>file:/C:/Users/gianf/OneDrive/Documentos/DAM_2/Interfaces/pruebaRecu_Gianfranco_Álvarez/src/controlador/Main.java</file>
            <file>file:/C:/Users/gianf/OneDrive/Documentos/DAM_2/Interfaces/pruebaRecu_Gianfranco_Álvarez/src/modelo/ConexionesBBDD.java</file>
            <file>file:/C:/Users/gianf/OneDrive/Documentos/DAM_2/Interfaces/pruebaRecu_Gianfranco_Álvarez/src/controlador/VistaGestionBandasController.java</file>
            <file>file:/C:/Users/gianf/OneDrive/Documentos/DAM_2/Interfaces/pruebaRecu_Gianfranco_Álvarez/src/modelo/GenerarPdf.java</file>
            <file>file:/C:/Users/gianf/OneDrive/Documentos/DAM_2/Interfaces/pruebaRecu_Gianfranco_Álvarez/src/modelo/Bandas.java</file>
        </group>
    </open-files>
</project-private>
